{
  "_comment": "FBO contact targeting via getRegNumber -- identify chief pilots, directors of aviation, and schedulers for aircraft that frequent your FBO. The flat companyrelationships schema (prefixed fields + companyrelation) is unique to this endpoint.",
  "endpoint": "GET /api/Aircraft/getRegNumber/{regnbr}/{apiToken}",
  "tier": "A",
  "request": {
    "method": "GET",
    "url": "https://customer.jetnetconnect.com/api/Aircraft/getRegNumber/N455Z/{apiToken}",
    "body": null
  },
  "response": {
    "responseid": "556107034",
    "responsestatus": "SUCCESS",
    "aircraftresult": {
      "aircraftid": 15493,
      "modelid": 82,
      "airframetype": "FixedWing",
      "maketype": "BusinessJet",
      "make": "GULFSTREAM",
      "model": "G-IVSP",
      "icaotype": "GLF4",
      "serialnbr": "IV-1235",
      "regnbr": "N455Z",
      "yearmfr": 1994,
      "yeardlv": 1994,
      "weightclass": "Heavy",
      "categorysize": "Large Long-Range Jet",
      "baseicao": "KSDL",
      "baseairport": "Scottsdale Airport",
      "ownership": "Wholly Owned",
      "usage": "Business",
      "maintained": "FAR Part 91",
      "companyrelationships": [
        {
          "companyid": 433877,
          "parentcompanyid": 0,
          "companyrelation": "Owner",
          "companyname": "Z Magic Carpet, LLC",
          "companyisoperator": null,
          "companyagencytype": "Civilian",
          "companybusinesstype": "End User",
          "companyaddress1": "101 Gardner Park",
          "companyaddress2": null,
          "companycity": "Peachtree City",
          "companystate": "Georgia",
          "companystateabbr": "GA",
          "companypostcode": "30269",
          "companycountry": "United States",
          "companyemail": "",
          "companyofficephone": "404-941-3480",
          "contactid": 630309,
          "contactsirname": "Mr.",
          "contactfirstname": "Mark",
          "contactmiddleinitial": null,
          "contactlastname": "Kresser",
          "contactsuffix": null,
          "contacttitle": "CEO",
          "contactemail": null,
          "contactbestphone": "404-941-3480",
          "contactofficephone": null,
          "contactmobilephone": null
        },
        {
          "companyid": 433877,
          "parentcompanyid": 0,
          "companyrelation": "Operator",
          "companyname": "Z Magic Carpet, LLC",
          "companyisoperator": null,
          "companyagencytype": "Civilian",
          "companybusinesstype": "End User",
          "companyaddress1": "101 Gardner Park",
          "companyaddress2": null,
          "companycity": "Peachtree City",
          "companystate": "Georgia",
          "companystateabbr": "GA",
          "companypostcode": "30269",
          "companycountry": "United States",
          "companyemail": "",
          "companyofficephone": "404-941-3480",
          "contactid": 630309,
          "contactsirname": "Mr.",
          "contactfirstname": "Mark",
          "contactmiddleinitial": null,
          "contactlastname": "Kresser",
          "contactsuffix": null,
          "contacttitle": "CEO",
          "contactemail": null,
          "contactbestphone": "404-941-3480",
          "contactofficephone": null,
          "contactmobilephone": null
        }
      ]
    }
  },
  "notes": [
    "getRegNumber uses a FLAT companyrelationships schema -- fields are prefixed (companyname, contactfirstname) NOT nested objects",
    "Relation field here is `companyrelation` -- NOT `relationtype` (that is the getRelationships/getHistoryList field)",
    "Use `contacttitle` to filter for Chief Pilot, Director of Aviation, Scheduler, Dispatcher",
    "FBO workflow: collect tail numbers from ramp activity, loop getRegNumber per tail, filter companyrelationships by contacttitle for decision makers",
    "`baseicao` / `baseairport` shows where the aircraft is based -- useful for territory qualification",
    "`contactbestphone` is the best available phone (office or mobile) -- check `contactofficephone` and `contactmobilephone` separately if you need both",
    "HTTP 200 + `responsestatus: 'SUCCESS'` (no page info) -- this is a non-paged endpoint",
    "reg number in URL is case-insensitive: N455Z and n455z both work",
    "For bulk contact lookup across many tails, use getRelationships with aclist array -- faster than looping getRegNumber per tail"
  ]
}
