{
  "_comment": "getAcCompanyFractionalReportPaged -- find fractional owners by state, aircraft type, and date range. Use case: charter company targeting large-jet fractional owners in the Northeast who had a record update in the last 27 days, to offer supplemental lift.",
  "endpoint": "POST /api/Aircraft/getAcCompanyFractionalReportPaged/{apiToken}/{pagesize}/{page}",
  "tier": "B",
  "request": {
    "airframetype": "FixedWing",
    "maketype": "BusinessJet",
    "regnbr": "",
    "make": "",
    "actiondate": "02/01/2026",
    "enddate": "02/27/2026",
    "basestate": ["NY", "CT", "MA", "RI", "NJ"],
    "modlist": [],
    "relationship": ["Fractional Owner"]
  },
  "response": {
    "responseid": "556088800",
    "responsestatus": "SUCCESS: PAGE [ 1 of 21 ]",
    "count": 26,
    "currentpage": 1,
    "maxpages": 21,
    "aircraftcompfractionalrefs": [
      {
        "aircraftid": 6976,
        "airframetype": "FixedWing",
        "maketype": "BusinessJet",
        "make": "CHALLENGER",
        "model": "601-1A",
        "modelid": 30,
        "serialnbr": "3042",
        "regnbr": "N951RM",
        "companyid": 523404,
        "relation": "Owner",
        "businessType": "End User",
        "company": "Siilats, Keith",
        "compAltName": null,
        "compEmail": "siilats@gmail.com",
        "compWebAddress": null,
        "compAddress1": "304 East 6th Street",
        "compAddress2": null,
        "compCity": "New York",
        "compState": "New York",
        "compStateAbbr": "NY",
        "compPostalCode": "10003",
        "compCountry": "United States",
        "compOffice": null,
        "compFax": null,
        "compMobile": null,
        "contactid": 795108,
        "contactPrefix": "Mr.",
        "contactFirstName": "Keith",
        "contactMI": null,
        "contactLastName": "Siilats",
        "contactSuffix": null,
        "contactTitle": null,
        "contactEmailAddress": "siilats@gmail.com",
        "contactOffice": null,
        "contactFax": null,
        "contactMobile": "646-515-6388",
        "originalFractionPurchaseDate": "7/25/1997 12:00:00 AM",
        "lastFractionPurchaseDate": "6/24/2008 12:00:00 AM",
        "fractionPercentOwned": "100.00",
        "fractionExpiresDate": null,
        "programManager": "UNKNOWN",
        "programHolder": "UNKNOWN"
      }
    ]
  },
  "notes": [
    "Response key is `aircraftcompfractionalrefs` (NOT `fractionalowners` or `aircraft`)",
    "`relation` values: Owner, Flight Department, Certificate Holder, Charter Company, Aircraft Management Company",
    "`fractionPercentOwned` is '100.00' for actual owners; '0.00' for operators/managers on the same aircraft",
    "Each aircraft may appear multiple times -- once per relationship type (Owner + Certificate Holder + Charter Company etc.)",
    "`relationship` filter is an array -- pass ['Fractional Owner'] to get only owner rows",
    "`basestate` filter is a state abbreviation array: ['NY', 'CT', 'MA']",
    "`actiondate` / `enddate` filter by last record update date (MM/DD/YYYY format with leading zeros)",
    "`programManager` and `programHolder` may be 'UNKNOWN' for independently-managed fractional programs",
    "This is always a Tier B paged call -- 21 pages of 26 records each is typical for a Northeast multi-state query",
    "Dates in response are full timestamps: '7/25/1997 12:00:00 AM' -- parse with datetime if needed"
  ]
}
