{
  "_comment": "getBulkAircraftExportPaged used as an hourly incremental change feed -- a dealer-broker polls every hour on the hour to recompute market dynamics from all aircraft records that changed in that window. actiondate/enddate accept datetime (not just date). Response uses flat prefixed field schema for relationships.",
  "endpoint": "POST /api/Aircraft/getBulkAircraftExportPaged/{apiToken}/{pagesize}/{page}",
  "tier": "B",
  "request": {
    "airframetype": "None",
    "maketype": "BusinessJet",
    "lifecycle": "InOperation",
    "actiondate": "02/26/2026 10:00:00",
    "enddate": "02/26/2026 11:00:00",
    "exactMatchReg": false,
    "showHistoricalAcRefs": false,
    "showAwaitingDocsCompanies": false,
    "showMaintenance": false,
    "showAdditionalEquip": false,
    "showExterior": false,
    "showInterior": false
  },
  "response": {
    "responseid": "556109014",
    "responsestatus": "SUCCESS: Ac Count: 12 Comp Count: 28 Cont Count: 24 Phone Count: 41 Comp Ref Count: 28 Ac Evt Count: 97 Ac Flt Sum Count: 156",
    "exportaircraftcount": 12,
    "currentpage": 0,
    "maxpages": 0,
    "aircraftcount": 12,
    "aircraft": [
      {
        "aircraftid": 14333,
        "modelid": 74,
        "maketype": "BusinessJet",
        "airframetype": "FixedWing",
        "make": "FALCON",
        "sernbr": "900EX-24",
        "model": "900EX",
        "modelicao": "F900",
        "regnbr": "N298RD",
        "regnbrhex": "A314AD",
        "prevregnbr": "N7BD",
        "prevregnbrhex": "A94FF9",
        "yeardelivered": 1998,
        "yearmfr": 1997,
        "forsale": "Y",
        "asking": "Inquire",
        "status": "For Sale, Immediate",
        "datepurchased": "20230414",
        "dateedited": null,
        "datelisted": "20240618",
        "ownership": "Wholly Owned",
        "prevowned": true,
        "estaftt": 8485,
        "estflighthrs": 254,
        "estcycles": 3679,
        "_schema_note": "Owner fields use owr* prefix, Operator = opr*, Chief Pilot = chp*, Exclusive Broker 1/2 = excbrk1*/excbrk2*, Additional 1/2/3 = addl1*/addl2*/addl3*",
        "owrcompid": 488914,
        "owrcontactid": 730799,
        "owrcompanyname": "Tesla Sky, LLC",
        "owraddress1": "500 West Plainfield Road",
        "owrcity": "Countryside",
        "owrstate": "IL",
        "owrzip": "60525",
        "owrcountry": "UNITED STATES",
        "owrphone1": "708-571-4137 OFF",
        "owrsalut": "Mr.",
        "owrfname": "Radomir",
        "owrlname": "Dobrasinovic",
        "owrtitle": "Manager",
        "owremail": null,
        "oprcompid": 0,
        "oprcompanyname": null,
        "excbrk1compid": 306026,
        "excbrk1companyname": "International Aircraft Marketing & Sales, LLC",
        "excbrk1city": "Sarasota",
        "excbrk1state": "FL",
        "excbrk1phone1": "941-355-5353 OFF",
        "excbrk1fname": "Mike",
        "excbrk1lname": "Milanovic",
        "excbrk1title": "Senior Sales Agent",
        "excbrk1email": "Sales@intlams.com",
        "aceventscount": 97,
        "acevents": [
          {
            "aircraftid": 14333,
            "eventcategoryid": 1,
            "eventtypeid": 15,
            "eventdate": "20230414",
            "eventdesc": "Ownership Change"
          }
        ],
        "flightdatacount": 24,
        "flightdata": [
          {
            "aircraftid": 14333,
            "flightyear": 2026,
            "flightmonth": 2,
            "flights": 1,
            "flighthours": 3
          }
        ],
        "acmaintenancecount": 0,
        "acmaintenance": null,
        "acaddequipmentcount": 0,
        "acaddequipment": null,
        "acexteriorcount": 0,
        "acexteriors": null,
        "acinteriorcount": 0,
        "acinteriors": null
      }
    ]
  },
  "notes": [
    "actiondate / enddate ACCEPT DATETIME with time: '02/26/2026 10:00:00' -- use this for hourly polling windows",
    "CRITICAL: maxpages=0 and currentpage=0 when all results fit in one call -- this is NOT an error. Treat maxpages<=1 as single-page result",
    "responsestatus encodes counts as a summary string: 'SUCCESS: Ac Count: 12 Comp Count: 28 ...' -- parse with split() if you need these counts programmatically",
    "Flat prefixed relationship schema -- completely different from getRegNumber or getRelationships:",
    "  owr* = Owner (owrcompid, owrcompanyname, owrfname, owrlname, owrtitle, owremail, owrphone1)",
    "  opr* = Operator (oprcompid, oprcompanyname, ...)",
    "  chp* = Chief Pilot (chpcompid, chpfname, chplname, chpemail, ...)",
    "  excbrk1* / excbrk2* = Exclusive Brokers 1 and 2",
    "  addl1* / addl2* / addl3* = Additional relationships",
    "showMaintenance, showAdditionalEquip, showExterior, showInterior -- all false by default; set true only when you need that data (increases response size significantly)",
    "acevents and flightdata are embedded arrays within each aircraft record -- no separate endpoint call needed",
    "datepurchased is YYYYMMDD format (not MM/DD/YYYY) -- be careful when parsing",
    "forsale is 'Y' / 'N' / '' in this endpoint -- different from getAircraftList which uses 'true'/'false' strings",
    "Hourly polling pattern: run every hour, set actiondate=last_run_time, enddate=now -- stores only the delta, not the full fleet",
    "For result sets > 1 page: use getBulkAircraftExportPaged with /{pagesize}/{page} suffix and loop until page >= maxpages"
  ]
}
